{"cameraMode":{"drawMode":0,"name":"Shaded","section":"Shading Mode"},"sceneLighting":false,"audioPlay":false,"sceneViewState":{"m_AlwaysRefresh":false,"showFog":true,"showSkybox":true,"showFlares":true,"showImageEffects":true,"showParticleSystems":true,"showVisualEffectGraphs":true,"m_FxEnabled":true},"in2DMode":false,"pivot":{"x":428.3064880371094,"y":209.05393981933595,"z":-117.92896270751953},"rotation":{"x":-0.03436071798205376,"y":0.24075569212436677,"z":-0.008526626974344254,"w":-0.969952404499054},"size":12.73725700378418,"orthographic":false}