{"cameraMode":{"drawMode":0,"name":"Shaded","section":"Shading Mode"},"sceneLighting":false,"audioPlay":false,"sceneViewState":{"m_AlwaysRefresh":false,"showFog":true,"showSkybox":false,"showFlares":true,"showImageEffects":true,"showParticleSystems":true,"showVisualEffectGraphs":true,"m_FxEnabled":true},"in2DMode":false,"pivot":{"x":590.989990234375,"y":246.8800048828125,"z":224.47000122070313},"rotation":{"x":-0.10094477981328964,"y":-0.07544086128473282,"z":0.007677331566810608,"w":-0.9920011758804321},"size":0.8660253882408142,"orthographic":false}